a,295,66039
a lot,2123,2128
abdomen,333,335
able,374,376
about,412,416
above,429,70167
accent,581,65006
accept,588,65007
accident,618,639
accomplish,662,65010
accountant,65011,689
across,829,840
act,65014,846
action,65015,853
active,867,868
activity,886,68450
actor,897,65017
adapt,943,944
add,69205,65018
address,1011,1016
adjective,1062,1064
adjust,1073,1074
admire,65020,1100
admit,65021,1124
adopt,1149,68958
adult,1194,1211
advanced,1224,1226
advantage,1242,1251
adverb,1263,1264
affect,1318,1319
afraid,1372,1373
africa,1382,1383
after,1411,1426
afternoon,1429,70279
again,1457,68276
against,1472,65033
age,1482,1491
agenda,1504,1513
ago,1551,1557
agree,1572,70117
agreement,65037,1583
ahead,1596,1598
aid,1621,1622
aim,1642,1651
airplane,1721,1730
alarm,1796,1808
alcohol,1828,1831
algebra,1873,1874
all,1912,69206
all day,1921,69090
allergy,65050,1962
alligator,2008,2009
allow,2041,2051
almost,2089,65056
alone,2102,2109
alphabet,2143,2151
already,2158,2167
also,2173,69207
always,2227,70037
amazing,65063,2273
america,2348,68002
amputate,2429,2430
analyze,2473,2482
anatomy,2484,2485
and,2517,2524
angel,2539,2547
angle,2556,69210
angry,2564,2569
animal,2581,69211
anniversary,2607,2609
announce,2618,65074
annoy,2634,2652
another,2696,2705
answer,2707,70275
any,2818,69212
anyway,2850,2851
apart,2863,65081
apartment,2871,2872
apostrophe,65082,2910
appear,2941,2959
appetite,2968,2969
apple,2997,69213
appointment,3053,70155
appreciate,3067,3068
approach,3089,65088
appropriate,3100,3101
approve,3117,3122
april,3150,3154
archery,3199,3201
area,65091,68812
argue,3266,3268
arizona,3311,65093
arm,3328,69215
army,3360,3368
around,3380,3382
arrest,3420,3422
arrive,3434,70124
arrogant,70258,3457
art,3469,70142
article,3489,65098
artist,3514,3515
asia,65100,3570
ask,3587,3597
asl,3625,68266
assist,3750,3765
assistant,3752,3756
assume,3797,3799
attend,3992,3999
attention,4008,65107
attitude,4039,4048
attorney,4049,4050
attract,4056,4066
auction,4097,4099
audience,4110,4118
audiologist,4128,4129
audiology,4135,4136
august,4154,4163
aunt,4165,68250
australia,4183,4186
austria,4200,4201
author,4216,4218
authority,4225,4226
autumn,4288,65113
available,4300,4301
average,4323,4324
avoid,4341,4350
awake,4354,65116
award,4363,4364
aware,4374,4375
away,4386,69216
awful,4422,4432
awkward,4436,4444
b,66040,6120
baby,4484,69217
babysitter,4530,4531
back,69218,65120
background,4579,4587
backpack,4614,68956
bacon,4678,4686
bad,4694,69219
bake,4764,70031
balance,4790,4800
bald,4814,4824
ball,4833,69221
balloon,4866,4873
banana,4895,4900
bank,4971,68886
baptize,5016,5017
bar,65137,68626
barely,65138,5068
bark,65139,5111
baseball,5165,70128
basement,5193,70041
basic,5215,65143
basketball,5227,69225
bath,5270,5281
bathroom,5296,5299
battery,65149,70094
battle,5366,5368
bear,69226,65155
beard,68990,70254
beautiful,5554,5556
because,5595,5598
become,5614,70148
bed,5628,5643
bedroom,5651,5658
bee,5667,5688
beer,5699,5712
before,5724,70348
beg,5756,5767
beginning,5776,5778
behavior,5792,70116
behind,5800,5805
belief,5844,5845
believe,5852,5859
bell,5869,5873
below,5910,5919
belt,5921,5930
benefit,5959,5967
berry,5986,65176
beside,5997,6007
best,6014,6021
bet,6039,69230
better,6062,70328
between,6077,65180
bible,6146,6137
bicycle,6157,65181
big,6176,69231
bike,6214,68008
binoculars,6298,65185
biology,6312,65186
bird,6326,69233
birth,6346,6378
birthday,6355,65192
bite,6407,6417
bitter,6425,6435
black,6455,69236
blame,6526,6536
blanket,6550,6553
blend,6602,6613
bless,6622,65206
blind,6643,6656
blood,6723,65212
blow,6787,6788
blue,6822,69238
boast,6922,6923
boat,6929,69239
body,6941,69240
boil,6967,6976
bone,7032,65224
book,69241,65225
bookshelf,7113,7115
bookstore,7126,70227
boots,65226,7169
bored,65229,7196
borrow,7226,7234
boss,7236,7243
both,7258,69242
bother,7259,7268
bottle,7284,69243
bottom,70166,7301
bowl,7369,70318
bowling,7383,7403
box,7413,69244
boxing,7425,7430
boy,7436,69245
boyfriend,7440,7443
bra,7467,65246
bracelet,7469,7476
brag,7490,7498
braid,7506,7516
brain,7523,7527
brave,7574,65251
bread,7593,70063
break,7608,70098
breakdown,7611,7613
breakfast,7624,7625
breathe,65256,7676
breeze,7699,7701
bribe,7715,7716
bridge,7747,65259
brief,7765,7766
bright,7779,7787
bring,7803,69250
brochure,7860,7861
broke,7872,7879
brother,7929,69251
brown,7957,69252
brush,65264,8002
buffalo,8087,8088
bug,65267,8114
build,8118,8127
building,65269,70196
bull,8166,8167
bully,8179,8180
burp,8300,8302
bus,8330,68960
bush,8338,8339
business,8363,8371
busy,8410,70105
but,8421,68368
butter,8439,8455
butterfly,8441,65280
button,8467,65281
buy,8478,69255
bye,8510,8511
cabbage,8532,67455
cabinet,70081,67456
cafeteria,8586,70228
cake,8608,69256
calculate,8624,8625
calculator,8634,8635
calculus,8642,8643
california,8669,8676
call,65290,8706
calm,8739,8754
camel,8772,8773
camera,8782,8790
camp,8799,68017
camping,65293,8824
can,69257,65294
canada,8840,8848
cancel,8858,8867
candidate,8888,8889
candle,8897,8905
candy,8909,68018
cannot,65301,8970
canoe,8978,65302
captain,9078,9079
caption,65303,9095
car,69258,9234
card,65304,9130
cards,9149,9154
care,9197,9199
careful,9178,70200
careless,9215,70201
carnival,9256,9259
carrot,69259,65308
carry,9317,69260
cat,9431,69261
catch,69262,9459
category,9487,9488
caterpillar,9501,9502
catholic,9517,65316
cause,9570,9579
ceiling,9620,65320
celebrate,9632,65321
cemetery,9710,65322
cent,65323,9735
center,9719,9723
cereal,9773,69264
certificate,9805,65326
chain,9834,65327
chair,9847,70230
challenge,9891,9899
champion,9914,9920
chance,9933,9940
change,9945,70379
chapter,10004,69266
character,10014,10021
chase,10088,65337
chat,10099,68020
cheap,10134,10142
cheat,10146,10161
check,65343,10184
cheerleader,10249,65344
cheese,10260,70064
chemical,10295,10296
chemistry,10305,10308
cherry,10335,10345
chicago,10388,67494
chicken,10395,70060
child,10435,10450
children,68800,10464
china,10514,10524
chocolate,10577,10586
choice,10588,10597
choir,10599,10600
choke,10608,10609
choose,10624,10628
chop,65355,10652
christ,10673,10679
christian,10685,65356
christmas,10696,68554
church,10768,68658
cigarette,65359,10786
circle,10810,10820
city,10888,69269
class,10965,69270
classroom,11006,11007
clean,11030,68410
clear,11059,11067
clever,11087,11088
click,11103,11113
climb,11142,11148
clock,11197,11198
close,11252,68654
closet,11292,11293
clothes,11305,68870
cloud,11356,11364
clown,11376,65372
clueless,11408,11409
clumsy,11418,11419
coach,11436,11437
coat,69271,11470
cochlear implant,11497,65373
coconut,65374,11527
coffee,11552,70298
cold,65377,11638
collect,11686,11687
college,11704,68026
color,11752,69274
comb,11812,11827
come,11839,69275
come here,65558,11862
comfortable,11900,11911
comma,11929,11930
command,11936,11950
comment,65382,11971
commit,11994,11995
committee,12004,65383
common,12011,69276
common sense,12022,12023
community,12058,12069
commute,12071,12072
company,12099,12107
compare,12111,12121
compete,12158,12159
complain,12188,12190
complete,12217,12219
complex,12222,12229
compromise,12290,12299
computer,12306,68028
concentrate,12387,12391
concept,12400,12408
concern,12411,65393
conflict,65394,70102
confront,12602,12603
confused,65395,65396
congratulations,12636,67523
congress,12648,12649
connect,12674,65397
conquer,12694,12703
consider,12749,12755
constitution,12806,12809
construct,12819,12820
consume,65398,12863
contact,12870,12878
contest,12941,12942
continue,12967,12975
contract,12986,12987
contribute,13015,13021
control,13040,13042
conversation,13087,13089
convert,13106,13109
convince,13133,13135
cook,13154,70030
cookie,13169,69280
cool,69281,65403
cooperate,13222,13223
cop,13244,13245
copy,13258,68756
corn,13309,69282
corner,13311,70181
correct,13349,13357
cost,13407,13423
couch,13455,13456
cough,13467,13473
counsel,13498,65412
counselor,13507,67533
count,13513,65413
country,13542,13546
court,13604,70157
cousin,65415,70332
cover,13654,13664
cow,13681,69283
crab,13725,13740
cracker,13743,67537
crash,69284,13799
crave,65420,13819
crazy,13850,70363
create,67541,13877
crocodile,65425,14011
cross,14047,14055
crown,14101,14102
cruel,14125,14126
crush,14156,69286
cry,14172,14190
cuba,14202,14203
culture,14253,14257
cup,14276,14294
curious,14311,65429
curriculum,14365,65431
curse,14374,14382
curtain,14390,67547
customer,14431,14432
cut,14466,14485
cute,14450,68652
d,66042,15996
dad,69289,14565
daily,65433,14577
damage,14601,14602
dance,14621,68032
dancer,14634,65436
danger,14644,14645
dangerous,65438,65437
dark,14669,69290
date,65442,14734
daughter,14748,70334
dawn,14772,14773
day,14780,69291
dead,14829,68614
deaf,14855,70015
death,14952,67554
debate,14960,14961
debt,14978,14979
december,15017,15018
decide,15031,70119
decorate,15092,15099
decrease,15118,15110
deduct,15139,15140
deep,15153,15164
deer,15169,69292
defeat,15182,15190
defend,15209,70161
degree,15292,15300
delay,15317,15324
delicious,15363,15364
deliver,15397,15401
demand,15421,15429
democrat,15447,15448
demonstrate,15473,15474
dentist,15527,15534
deny,15546,15554
deodorant,15556,15564
department,15576,15584
depend,15594,15609
deposit,15631,15632
depressed,15647,70111
descend,15691,15704
describe,15705,69294
desert,65467,15728
design,15741,65468
desk,15769,70229
dessert,15807,15815
destroy,15825,15833
detach,15840,15844
detective,15874,70199
determine,15899,15900
develop,15932,15940
devil,15956,65474
diabetes,16001,16002
diamond,16061,16063
diaper,16076,65477
diarrhea,16095,16097
dice,65478,16117
dictionary,16123,16131
die,16155,16167
different,16190,68034
difficult,16211,16212
dig,16225,16239
dime,16267,16268
dining room,16313,16314
dinner,16330,16322
dinosaur,16332,65483
diploma,16350,16351
director,16382,65484
dirt,16392,70374
dirty,16402,69296
disagree,16427,70118
disappear,16437,70153
discipline,16502,16503
disconnect,65489,65488
discount,16540,16541
discover,16560,16561
discuss,16581,16587
disgust,16634,16640
disgusted,65492,70110
dismiss,16699,16703
dissolve,16803,65494
disturb,16872,16873
dive,16889,16896
divide,16922,16934
division,16949,16958
divorce,16961,70341
dizzy,16980,65501
doctor,17007,68842
document,17031,65505
dog,17076,69298
doll,17122,69299
dollar,17123,17130
dolphin,17159,17160
done,69300,17206
don't want,65518,17298
door,17317,70264
dorm,17352,17353
dormitory,17360,65522
double,17374,65523
doubt,17388,17399
down,17422,69301
downstairs,17455,17456
drag,17511,17520
dragon,17529,17530
drama,17557,17559
draw,65531,68039
drawer,17588,17589
dream,17624,17633
dress,65535,68746
drink,69302,65539
drive,17751,68476
drop,65544,17825
drug,17885,17877
drum,17895,69303
drunk,17907,17918
dry,17919,69304
duck,17945,69305
due,17958,65552
dull,17968,17976
dumb,17981,70370
during,18027,70039
dusk,18037,18038
duty,65554,18066
dvd,18069,18070
dye,18090,18091
e,18107,66043
each,18108,18117
eagle,18137,18144
ear,18145,69306
early,18164,18183
earn,18190,18202
earring,18218,18225
earth,18239,18241
earthquake,18253,67608
east,18270,18294
easter,18271,18275
easy,18301,70079
eat,18316,69307
economy,18370,18371
educate,18413,18415
education,18424,65606
effort,18474,18476
egg,18485,70065
egypt,18521,18528
eight,69309,18569
eighteen,65614,18550
either,18640,18649
electrician,18719,65618
electricity,18727,18728
elementary,18755,18756
elephant,18769,18776
elevator,18785,70195
else,18854,18856
email,18873,18875
embarrass,18887,18903
emergency,18939,18942
emotion,18970,18986
empty,19044,19056
encourage,19086,65628
end,19103,19117
energy,19164,65630
engage,65633,19183
engagement,19190,67622
engine,19198,19212
engineer,19199,67623
england,19218,19226
english,19230,68512
enjoy,19255,68344
enormous,19297,19298
enough,19304,19312
enter,19325,70146
envelope,19392,67627
environment,19402,19410
equal,19456,19464
erase,19502,65641
eraser,19512,67629
escape,19556,19563
establish,19611,19614
eternity,19653,19654
europe,19679,19692
evaluate,19703,19712
evening,19739,19742
event,19752,19767
every,19798,69311
every monday,19851,19852
every tuesday,19929,19930
everyday,19812,19816
everything,19909,65649
evidence,19966,19967
exact,20007,70115
exaggerate,20020,20022
example,20064,20067
except,20108,20109
exchange,20137,20144
excited,20152,70286
excuse,20197,65656
exercise,65657,68212
exhibit,20256,20257
expand,20310,20321
expect,20327,20334
expensive,20362,20369
experience,20374,20385
experiment,20387,20396
expert,20402,20409
explain,20434,70218
explode,20455,65662
express,20508,65664
eye,20601,69314
eyeglasses,20621,20629
eyes,65667,20661
f,20670,66044
face,20693,20703
fact,20736,69315
faculty,20765,65671
fail,20792,70100
fairy,20836,20837
fake,20860,20868
fall in love,20922,68234
familiar,20965,20967
family,20976,69316
famous,21008,65678
fancy,21022,21030
far,21052,21073
farm,69317,21100
farmer,21085,21086
fast,65689,21184
fat,65692,21248
father,21202,69318
fault,21272,21275
favorite,21302,68536
fear,21319,21332
february,21355,67651
federal,21368,21370
feed,21393,68582
feedback,21394,21401
feel,21425,69319
fence,21486,65699
festival,21524,68588
few,21548,21557
fight,21689,21709
final,21816,21820
finally,21828,67657
finance,21837,21838
find,69323,68896
fine,65717,70234
fingerspell,21925,68049
finish,21933,70361
fire,22015,22017
firefighter,65726,21993
first,22071,70083
fish,22109,69325
fishing,22131,22138
five,69326,65734
fix,69327,68946
flag,22269,22279
flatter,22356,22357
flexible,22408,22409
flirt,22453,65744
flood,22479,22488
floor,22491,68792
florida,22509,22510
flower,22537,22554
flute,22609,65747
fly,65748,22642
fold,22683,22702
follow,22712,70203
food,22739,69330
fool,65754,22780
football,22798,69331
for,22836,70273
forbid,22840,65757
forest,22907,22919
forever,65760,22926
forget,65761,68053
forgive,22973,22974
fork,23002,70319
form,23042,23047
former,23029,23038
four,69333,65768
fourth,23237,65774
fox,23273,23281
france,23326,23335
free,23395,23414
freeway,23432,23434
freeze,23439,23450
french,23479,68055
french fries,23469,23470
friday,23541,70027
friend,23567,68214
friendly,23579,70257
frog,23626,23634
from,23637,69337
from now on,23646,23647
front,70163,23672
fruit,23708,23709
full,65792,70029
fun,23799,69338
function,65796,23811
funeral,23838,23840
funny,23865,23876
furniture,23900,70044
future,23945,69060
g,23959,66045
gallaudet,23986,65799
gamble,24013,24014
game,24023,68242
gang,24042,24043
garage,24056,70042
gas,65802,24127
gasoline,24130,24131
gather,24165,24174
gay,65804,24199
general,24249,24258
generation,24267,65805
geography,24328,24329
geometry,24343,24344
german,24367,24368
germany,24376,24385
get,24405,69341
get up,65814,24498
ghost,24514,65815
gift,24539,24547
giraffe,24580,24588
girl,24590,69342
girlfriend,24592,24596
give,69343,24655
give up,24679,65820
glass,69344,65821
glasses,24718,68334
gloves,24822,24829
go,24857,69345
goal,24867,24872
goat,24883,24895
god,24909,24921
gold,24978,24995
golf,25003,25018
gone,25024,68662
good,25037,69347
goodbye,25041,25044
gorilla,25166,25174
gossip,25182,25191
government,25240,25244
grab,25270,65841
graduate,25318,70176
graduation,25350,25351
grammar,25370,25378
grandfather,25404,70330
grandma,69349,25422
grandmother,25428,70329
grapes,25481,70312
grass,25503,25515
grateful,25521,25522
gray,25568,70248
great,69352,25621
greece,25640,25649
green,25674,69353
grey,68502,68062
group,25820,25829
grow,69354,65862
grow up,25869,25871
guess,65864,25920
guide,25939,25941
guilty,65865,25967
guitar,25975,25983
gum,26001,65868
gun,26010,26012
gymnastics,26062,26063
h,26074,27357
habit,26079,26082
hair,26122,68424
haircut,26135,69062
half,26203,26222
halloween,26250,26255
hamburger,26294,26303
hammer,26312,26315
hang up,65877,26472
hanukkah,26483,68948
happen,26491,70133
happy,26506,70284
hard,26559,69358
hard of hearing,26584,26591
hat,26688,69359
hate,26697,68392
have,26757,69360
hawaii,26797,26807
head,26831,69362
headache,26832,26835
health,26906,26914
heap,65883,26931
hear,26938,26946
hearing,65884,70016
hearing aid,26958,65885
heart,27013,27044
heart attack,27017,27018
heaven,27085,27086
heavy,27093,27095
helicopter,27150,27158
hello,27171,70017
helmet,27185,67756
help,27194,69364
her,27249,27281
here,27254,69365
herself,27312,27321
hide,68860,27375
high,27387,27417
high school,27432,27436
highway,27444,27451
hill,27485,27486
hippopotamus,27534,27535
his,27552,27553
history,27568,27574
hit,27580,27596
hockey,65895,27633
hold,27662,27664
holy,27752,27744
home,27762,69366
homework,27788,27793
honest,27821,27823
honey,27835,27848
honor,27881,27882
hop,27915,27940
hope,27917,27922
horse,27983,70106
hospital,68404,70150
host,28050,28056
hot,28074,69368
hot dog,28085,28088
hour,28134,70303
house,28157,69369
how,28187,69370
hug,28248,65909
human,28285,28288
humble,28306,28311
hungry,28375,28383
hunt,28386,28396
hurricane,28412,28413
hurry,28423,28424
hurt,28438,70147
husband,28461,68772
i,28557,66047
ice cream,28581,28582
idea,28647,28653
identify,28673,65919
if,28734,69375
ignore,28772,28782
ill,28823,28810
illegal,28811,28813
image,28875,28885
impact,65925,29007
important,29064,69376
impossible,29087,29095
improve,29134,29142
in,29171,69377
include,29275,29278
increase,29324,70077
independent,29380,29391
india,29399,29407
individual,29461,65933
infection,29561,65938
influence,65939,29614
inform,29628,29648
information,29631,29641
innocent,29789,29791
insect,29841,29842
inside,29865,70162
inspect,29897,29898
inspire,65943,29919
instead,29961,65945
institute,29976,65947
insurance,30051,30060
interest,65950,30153
interesting,68308,30177
international,30215,30217
internet,30227,30235
interpret,30252,68077
interpreter,30256,65954
interrupt,30277,30285
intersection,30297,70182
interview,30311,30321
introduce,30383,30391
invest,30453,30454
investigate,30467,30473
invite,30509,65961
involve,65962,30522
iran,30559,30560
ireland,30582,65963
iron,65964,30603
island,30674,30682
israel,30706,30713
italy,30748,30749
j,30820,66048
jacket,30830,68320
jail,30870,30881
january,30917,30921
japan,30927,30937
jealous,30973,30978
jesus,31047,31049
jewelry,31072,65978
jewish,31092,65979
join,31147,69006
joke,31177,31179
journey,31216,31218
joy,31232,31233
judge,31251,31259
july,31297,31300
jump,69380,65983
june,31345,31346
k,31436,66049
kangaroo,31441,65986
karate,31456,31457
keep,31481,31491
key,65989,31571
keyboard,31553,67812
kick,31588,65990
kid,65991,31621
kill,31641,31654
kindergarten,31687,31688
king,31723,31736
kiss,31746,31765
kitchen,31775,31776
kneel,31832,67819
knife,31841,70320
knock,31874,31886
know,31896,31900
label,31975,31984
lady,32046,32047
lamp,32092,32096
land,69382,32113
language,32146,68084
laptop,32189,32197
large,32200,32210
last,66010,68086
last week,32275,66011
last year,32281,32287
late,32298,70297
later,32319,32335
laugh,32373,32393
laundry,32419,32421
law,66017,70158
lawyer,32473,67832
lazy,32509,32517
lead,66020,32540
leader,32519,32530
leaf,32552,69384
league,32561,66022
leak,32575,32576
learn,32598,68088
leave,32673,32655
lecture,32692,32701
left,66028,32725
legal,32752,32754
lemon,32806,32816
lend,32822,66034
lesbian,32858,68556
less,32869,69386
lesson,32885,32893
let,32902,32911
letter,66038,68636
lettuce,32962,32969
liability,32999,33000
librarian,33041,33042
library,33048,68206
license,33061,33063
lie,66067,33114
lift,69387,66068
light,66069,68090
lightning,33235,69388
like,69389,33266
limit,33303,33319
line,69390,33335
linguistics,33373,66073
lion,33390,70109
lip,33402,33403
lipstick,33422,67850
list,33450,33475
listen,33451,33462
little bit,33517,68094
live,33537,70019
loan,33607,33616
lobster,33638,33646
local,33650,33651
lock,33677,33703
lonely,33765,66081
long,33804,33805
look at,33848,33851
look for,33880,68976
lord,33979,33980
lose,34002,34004
loud,34086,34094
lousy,34109,66088
love,34118,34123
lucky,66090,34210
lunch,70028,34272
m,34336,66051
machine,34352,66091
mad,34365,34375
magazine,34385,34393
magic,34396,66092
mainstream,34508,70208
major,34543,68097
make,34558,68226
man,34685,69395
manage,34686,66100
manager,34698,34708
many,34822,69396
march,34861,34868
marry,34955,68326
match,66106,35117
math,35147,35161
mature,35188,35197
maximum,35207,35209
maybe,69397,35218
me,35267,35544
mean,70217,35305
meaning,35306,35307
measure,66108,70103
meat,35353,70066
mechanic,35371,35383
medicine,66111,68810
meet,35506,68099
meeting,35524,68696
melody,35554,35555
melt,35566,35567
member,35573,35574
memorize,35603,66114
mention,35673,35681
message,35769,35770
metal,35796,35806
mexico,35885,35886
microphone,35922,35923
microscope,35932,67891
microwave,35944,35949
middle,35962,35974
midnight,35994,35986
military,36036,36037
milk,36044,68562
mind,66123,67895
mine,36139,36140
minus,36228,68101
minute,66128,70302
mirror,36259,36266
miss,66131,70113
mistake,36398,36399
misunderstand,36413,36422
mix,66133,36460
mock,36487,70202
mom,69399,36603
monday,70023,36635
money,36645,70075
monkey,36677,36684
monster,36712,36713
month,36732,68608
monthly,36743,36744
moon,36774,36783
moose,36801,36802
more,36826,69401
morning,36856,70278
mosquito,36907,36908
most,36912,68268
mother,36927,69402
motivate,66148,36969
motor,69403,37003
motorcycle,36991,69096
mountain,37013,37025
mouse,37040,37045
mouth,37061,66149
move,66151,68328
movie,37120,68104
much,37201,37202
multiply,37266,37276
murder,37302,37305
muscle,37313,37321
museum,37332,68286
mushroom,37343,37351
music,37356,68105
must,37395,70291
mustache,37396,68778
my,37464,69404
myself,37483,67921
n,37512,66052
name,37575,69405
napkin,37610,66159
narrow,37644,37647
nation,37669,37683
near,37773,70180
necessary,37827,37828
neck,37836,37845
necklace,37849,37851
need,37879,70237
negative,37909,69406
negotiate,37930,37940
neighbor,37945,37963
nephew,37983,70337
nervous,38008,38019
network,38042,66165
neutral,38061,38070
never,38081,70038
new,38103,69407
new york,38206,38212
newspaper,38176,68532
next,38222,38238
nice,38281,70021
nickel,38298,38299
niece,38314,70338
night,38329,70277
nine,66173,38373
nineteen,66177,66178
no,38482,69411
none,38585,69412
noon,38614,70280
normal,38642,66189
north,38654,70187
northwest,38700,38701
nose,38721,70253
not,38765,68774
not yet,38944,38948
nothing,38828,38849
notice,66193,38871
november,38972,38973
now,38982,69413
number,39031,68117
numerous,39067,39068
nun,39074,39076
nurse,39087,39093
nut,39114,66220
o,39147,66053
objective,39197,39198
obsess,66221,39253
obtain,39285,39286
occur,39333,39334
ocean,39343,69416
october,39359,39360
octopus,69417,66222
odd,39377,39378
odor,39386,39387
off,39402,69418
offer,39424,39425
office,39454,68826
often,39503,70036
ok,39582,39589
old,39604,69419
olympics,39646,39647
on,39672,69420
once,39674,66227
one,69421,66228
onion,39846,39853
only,39873,39874
open,39959,39951
operate,39984,39992
opinion,40010,40018
opposite,40049,70183
or,40093,40246
oral,40094,40104
orange,40114,69422
order,66248,70172
organize,40226,40229
other,40308,40321
our,40340,40342
out,70053,40401
outside,40463,68362
over,40559,40568
overcome,40527,40528
overlook,40576,66253
overwhelm,40629,66255
owe,40649,67953
owl,40658,66256
p,40701,66054
pack,66258,40722
page,40759,40767
pain,40797,40810
paint,40816,68364
painter,40827,40828
pants,66261,68126
paper,41008,68446
parachute,41054,67962
parade,41062,67963
paragraph,41077,41078
parallel,41093,66263
parents,41163,67964
part,41256,41262
party,41306,41315
pass,66267,41354
past,68380,70151
path,41477,41480
patient,66270,41509
pause,41559,41560
pay,41578,68736
pay attention,41579,41582
peace,41643,41653
peaceful,41644,41645
peach,41661,70311
peanut butter,41692,66272
pear,41704,66273
peel,41771,41774
penalty,41810,41811
pencil,41819,70210
pennsylvania,41895,66277
penny,41902,67973
people,41920,69426
pepper,41937,70068
percent,41970,41976
perfect,42003,42004
perfume,42036,42039
period,66279,42076
permit,42136,42144
person,42196,68646
personality,42213,42214
perspective,42242,42246
pet,66283,42316
philadelphia,42378,70138
philosophy,42398,42403
phone,42419,68704
photographer,42469,42470
phrase,42501,42502
physician,42540,42541
physics,42551,42552
piano,42564,67980
pick,42577,42591
pickle,42601,42605
picture,42649,68131
pie,42662,42671
piece,42663,42664
pig,42695,69429
pillow,42752,42753
pilot,42760,42761
pink,42827,69430
pity,42938,42947
pizza,42953,69431
place,42983,69432
plan,43037,70177
plant,43078,43087
plate,43110,43119
play,69433,43166
player,43146,66300
please,43213,69434
plenty,43253,43254
plus,43335,68134
pneumonia,43364,43367
pocket,43375,43380
point,66304,43460
polar bear,43507,43508
police,43519,70198
policeman,43536,67087
policy,43552,43561
polite,43570,43578
politics,43593,66309
poop,66311,43671
poor,43678,43685
popcorn,43695,43697
popular,43725,66312
position,43799,43800
positive,43808,70365
possible,43828,43834
post,43873,43885
postpone,43900,70125
potato,43922,70061
potential,43944,43945
pound,43986,43995
pour,43999,44007
poverty,44018,44019
power,44034,44046
practice,44080,68706
praise,44096,44097
pray,44119,44134
preach,44137,44147
preacher,44140,67096
precious,44166,44175
precipitation,44176,44177
precise,44183,44184
predict,44199,44208
prefer,44213,68490
pregnant,44232,68388
prepare,44267,44281
preschool,44296,44299
present,66325,44351
presentation,44319,44328
president,44364,44372
pressure,44394,44396
pretty,44422,69437
prevent,44440,44441
price,44469,44477
pride,44485,67101
priest,44491,44500
prince,44522,44524
princess,44530,44532
principal,66331,44538
principle,44548,44549
print,44556,69438
printer,44557,44558
priority,44582,44588
prison,44598,44609
private,44618,44633
problem,44677,44684
process,44714,44715
procrastinate,44732,44733
professional,44776,44777
professor,44789,44790
profit,44810,44811
program,44828,44837
progress,44842,44843
project,44859,44868
promise,44896,70154
promote,66340,44906
proof,66341,44949
propaganda,44957,44958
proper,44969,44970
prostitute,45050,45051
protect,45059,66343
proud,45089,45090
prove,45097,45098
provide,45108,66346
psychologist,45163,67112
psychology,45169,45180
public,45186,45193
publish,45218,45219
pull,45252,69439
pumpkin,45323,66352
punish,45362,66354
purchase,45410,45411
pure,45419,45420
purple,45432,69440
purpose,45447,45448
pursue,45467,45468
push,45474,45486
put,45494,69441
put off,45524,45525
puzzled,45570,66359
q,45595,66055
quality,45636,66360
quarrel,45651,45652
quarter,45672,45663
queen,45684,45692
question,45711,69442
quick,45739,45749
quiet,45754,45762
quit,45777,45789
quote,45819,45820
r,45829,66056
rabbit,45835,45837
raccoon,45852,45860
race,45864,45865
radio,45905,45916
rage,45927,45928
rain,45965,70121
rainbow,45966,45967
rake,46053,66370
rat,46155,46182
rather,46164,46165
read,46260,68400
ready,46287,46305
real,46310,46314
realize,46326,70354
really,46339,69445
reason,46425,46435
receive,46489,46491
recent,66376,66377
recliner,46574,46575
recognize,46587,46588
recommend,46605,46606
recover,46656,46658
red,46712,69446
reduce,46750,46759
refer,46773,46791
referee,46774,46775
refuse,46862,66381
regular,66383,46927
rehearse,46956,46957
reject,46997,47008
relate,47025,47028
relationship,47037,66384
relax,47058,67131
release,47075,47076
relief,47092,66385
religion,47103,47111
rely,47135,47136
remember,47174,68141
remote control,47220,66389
remove,47236,66390
rent,47269,47271
repeat,47295,47300
replace,47329,70126
reply,47341,47342
report,47348,47366
represent,47371,47380
reputation,47439,47440
request,47449,47450
require,47458,47469
rescue,47478,47479
research,47485,47495
resign,47552,66394
resist,47565,66395
respect,47602,47611
responsibility,47638,66397
responsible,47645,47646
rest,47668,70057
restaurant,47655,70170
restroom,47721,47722
result,47729,47738
retire,47782,47794
retreat,47802,47803
reveal,47837,47845
revenge,47857,47864
review,47898,47902
rich,48019,48027
ride,48038,68898
ridiculous,48072,66407
right,68142,48122
ring,48159,48163
rise,48207,48212
river,48249,48258
road,48264,48273
roar,48297,48298
rob,48304,48334
robber,48305,48306
robot,48339,48340
rock,48378,66411
role,48403,66412
roof,48487,70197
room,48507,48509
roommate,66417,70344
rooster,48537,67150
rope,48556,67151
rose,48566,48567
rough,48603,48614
rubber,48684,48685
rude,48705,48706
ruin,48729,48731
rule,48738,70159
run,48797,68762
rush,48885,48890
russia,48898,48901
s,48933,66057
sad,48965,69450
safe,48995,49005
salad,49073,70062
salary,49088,49089
salt,49127,69451
salute,49148,49149
same,49173,68856
sandwich,49244,49249
satisfy,49317,66427
saturday,49327,49333
sauce,49341,49342
sausage,49357,49358
save,49367,49376
saw,49411,49412
say,49427,69454
scan,67166,49459
scared,49475,49483
schedule,49537,49545
school,49577,69455
science,49627,70143
scientist,49643,67172
scissors,49652,49658
scold,49666,65577
score,49689,49693
scotland,49726,49735
scream,49776,49779
screwdriver,49803,49810
sculpture,49884,49885
sea,69459,49898
search,49931,49941
second,66439,50007
secret,50035,50057
secretary,50036,50037
see,50107,69460
seem,50138,70360
seldom,50192,50193
selfish,50243,50244
sell,50263,69461
senate,50316,66444
send,50328,50338
senior,50356,50372
sensitive,50397,66447
sentence,50407,50413
separate,50427,50439
september,50449,50454
sequence,50465,50474
serious,50502,50509
serve,50528,50537
service,50546,50547
settle,50578,66452
seven,69463,66453
several,50703,70307
sew,50719,68420
shame,50809,50813
shampoo,50825,67184
shape,50834,69465
share,50846,50853
shave,50890,50902
she,50918,69466
sheep,50932,50942
shelf,50956,69467
shine,51019,51028
shirt,51054,68928
shock,51094,51107
shoes,51128,68150
shoot,51160,51163
shop,66468,68508
shopping,51197,70072
short,51206,70355
should,51272,70294
shoulder,51273,66472
shout,51299,51300
shovel,51312,67196
show,66473,70231
shower,51325,51335
shrimp,51398,51400
shy,51474,66474
sick,51494,69470
side,51530,51552
sign,66478,51621
sign language,51657,51665
silent,51686,51695
silly,51702,51708
silver,51725,51716
similar,51737,51738
simple,51747,51749
sin,51771,51826
since,51772,69472
sing,51787,51810
singer,51795,51796
single,51813,51820
siren,66487,66486
sister,51882,68680
sit,51901,68570
situation,51932,66489
six,69474,66490
sixteen,66494,51979
size,52045,69475
skate,52053,69476
skeleton,52081,52082
sketch,52102,52103
ski,52114,68470
skill,52137,66502
skin,52156,52167
skinny,52168,52175
skip,52180,66504
skirt,52197,68482
skunk,52213,52214
sky,69477,52236
slave,52287,52288
sleep,52314,69479
sleepy,52344,70289
slice,52372,52380
slip,66507,52430
slow,52502,52513
small,52550,52552
smart,52570,52578
smell,52602,66510
smile,52613,52621
smoking,52651,67218
smooth,52659,52660
snack,52683,52686
snake,52707,52718
sneeze,52763,67219
snob,52792,52796
snow,52834,69481
snowman,66520,66521
soap,52913,52924
soccer,52937,52947
society,52990,52998
socks,66527,53021
soda,53023,69482
sofa,53035,53037
soft,53046,69483
soldier,53119,53120
solid,53152,66528
solve,53177,53178
some,53190,69484
someday,53196,53198
someone,53217,70127
something,53228,53230
sometimes,53239,70035
somewhere,53251,53252
son,53258,68336
song,53260,53261
soon,53290,53295
sore throat,53340,53341
sorry,53363,70225
soul,53401,53402
sound,53413,53421
soup,53427,69485
sour,53435,53452
south,53453,70188
south america,53457,53458
spain,53543,53551
spanish,66541,68750
speak,53611,53620
special,53640,69486
specific,53664,53667
speech,53693,53700
speed,53733,53736
spell,69487,53771
spider,53824,66546
spill,53848,53850
spin,53872,53880
spirit,53899,53910
spit,53917,53921
spoon,54001,54011
spray,54069,54079
spread,66549,54090
spring,54116,54117
sprint,54138,54139
square,54168,54178
squeeze,54188,54189
squirrel,54204,54212
stadium,54248,54249
staff,54255,54264
stairs,66552,54302
stamp,54341,54347
stand,54360,68734
standard,54362,54363
star,54413,54444
stare,54419,54433
start,54454,68161
statistics,54529,54530
stay,54548,68914
steal,54586,54593
steel,54607,54609
stepfather,54661,54665
sticky,54761,54762
still,54787,54788
sting,54804,54805
stink,54819,70300
stir,54829,54837
stitch,54838,54840
stomach,54870,54885
stop,54915,54925
store,69489,54955
story,54991,55002
straight,55035,68564
strange,55069,69491
straw,55101,55126
strawberry,69492,55111
street,55145,70192
stress,55169,55183
stretch,55188,55189
strict,55197,55205
strong,55274,69493
structure,55287,55296
struggle,55298,70096
stubborn,55312,70362
stuck,55322,55323
student,55332,69494
study,55356,68428
stupid,70371,55423
subtract,66577,55542
subway,55552,55553
sue,55626,70160
suffer,55633,55636
sugar,55656,55666
suggest,55669,55670
summer,55730,69495
summon,55745,55754
sun,55810,55803
sunday,55768,70022
sunrise,55837,55843
sunset,66581,55861
sunshine,55865,55866
superman,55910,55911
support,55970,55976
suppose,55993,69497
sure,56025,56037
surface,56046,56047
surgeon,56072,67266
surgery,56080,56087
surprise,56099,66583
surrender,56113,56114
suspect,56157,56165
suspend,56168,56175
swallow,56191,56201
sweater,56254,66584
sweden,56270,56271
sweep,56288,67272
sweet,69499,56312
sweetheart,56294,56302
swim,56340,70178
swimming,56354,56355
swimsuit,56367,56368
swing,56387,67273
switzerland,56422,56423
symbol,56460,56468
sympathy,56480,67274
t,56546,66058
table,56552,70323
take,56652,69500
take turns,56762,56763
take up,56770,68816
tale,56779,56780
talent,56788,56792
talk,56800,68165
tall,56835,56851
tan,56870,56874
taste,56969,56970
tea,57034,68412
teach,57035,70204
teacher,57037,68166
team,57089,57098
tease,57131,57139
technology,57168,57169
teeth,57203,57205
telephone,57235,67286
telescope,57251,57252
television,57260,57268
tell,57273,57278
temperature,57298,57305
temple,57321,70056
tempt,57344,57349
ten,57391,57392
tend,57361,57378
tender,57367,57368
tennis,57408,57410
tent,57430,69501
terrible,57482,57491
test,57519,57530
testify,57542,57551
texas,57566,57567
text,57584,66595
thailand,57596,57597
than,57604,66597
thank you,57653,69502
thankful,57611,57612
thanksgiving,69092,57645
that,57669,57677
theater,57705,69026
their,57724,57733
them,57742,69503
theme,57743,57744
themselves,57757,57765
then,57769,68550
theory,57781,57785
therapy,57801,57807
there,57815,70223
therefore,57818,57819
thermometer,57837,57846
they,57873,57882
thick,57899,57890
thin,57919,57948
thing,57921,69504
think,57954,69505
third,58000,58013
thirsty,58023,69506
this,58070,69507
thousand,58131,66629
three,69508,66630
thrill,58236,66634
throat,58251,58252
through,58273,58274
throw,58286,68560
thursday,58359,70026
ticket,58384,58395
tie,66642,68169
tiger,58443,69510
time,58488,69511
tiptoe,58574,58575
tired,58588,68488
tissue,58610,66649
title,58619,66650
to,58629,58730
toast,66652,58654
tobacco,58663,67312
today,58676,69512
together,58705,58714
toilet,58731,58738
toilet paper,58743,58745
tolerate,58768,58769
tomato,58782,58789
tomorrow,58804,70349
tongue,58819,66656
tonight,58833,58834
tooth,58886,58908
toothbrush,58893,58897
top,58933,70165
topic,58945,66659
tornado,58968,58972
torture,59000,59001
total,59028,59032
touch,59044,70327
tough,59070,59079
tournament,59102,67318
towel,59120,59122
tower,59131,59133
town,59143,70191
trade,59203,59206
tradition,59225,59234
traffic,59238,70179
train,59298,68496
tranquil,59348,59349
transfer,59366,59372
transform,59379,59383
translate,59404,59411
travel,59479,68478
tree,59540,59553
triangle,59596,59602
trip,59672,59673
trophy,59722,67325
trouble,59734,59741
truck,59760,59770
trust,59827,59829
truth,59839,59840
try,59847,59854
tuesday,59902,70024
turkey,59953,59954
turn,59969,66684
turtle,60043,60052
tutor,60056,60057
tv,69520,68518
twin,68438,60164
two,69521,60220
type,60304,67332
u,60338,66059
ugly,60345,70256
umbrella,60378,66699
uncle,60450,70331
under,60500,70168
understand,60543,60553
underwear,66705,60572
unique,60701,60702
united states,60720,60730
university,60759,60767
until,60850,60858
up,60887,69522
upset,60947,60956
upstairs,60966,60967
use,61031,61060
v,61130,66060
vacant,61134,61135
vacation,61141,68640
vague,61187,61188
valley,61219,61221
value,61232,61240
vampire,66718,61246
vegetable,61364,66720
verb,61439,61442
very,69523,66722
vice president,61587,61588
viewpoint,61696,61697
violin,61737,61745
visit,61804,68248
visitor,61825,66732
visualize,61845,66733
vlog,66734,61869
vocabulary,61878,61885
voice,61913,61919
volleyball,61946,61953
volunteer,61965,68378
vomit,61977,61982
vote,61991,61997
w,62032,66061
wait,62077,62113
waiter,62086,70171
wake up,62142,62145
walk,62152,68852
wall,62187,66744
wallet,66745,62189
wander,67037,62229
want,62241,69524
war,62267,62278
warm,62285,62297
warn,62301,62309
wash,62329,62358
wash face,66748,62343
washington,62384,70137
waste,62422,62430
watch,62458,62440
water,62479,68179
waterfall,62487,62488
watermelon,62515,62516
way,62569,62577
we,62583,69527
weak,62584,70123
wear,62607,62622
weather,62637,62642
wedding,62684,68468
wednesday,62706,62712
week,62728,68740
weekend,62729,70377
weekly,62753,68604
weigh,62781,70104
weight,62790,62791
weird,62817,66762
welcome,62826,62836
west,62901,70186
wet,62921,69529
whale,69530,62942
what,69531,62944
whatever,62951,66772
wheelchair,63044,63045
when,63062,69532
where,63079,68181
which,63102,68382
while,63116,66776
whistle,63185,67065
white,63191,69533
who,63219,69534
why,63279,70213
wide,63308,66783
wife,63325,70333
will,63358,69536
willing,63376,66788
win,66789,68185
wind,63399,70086
window,63415,68184
wine,63447,70070
winter,63494,63503
wish,63555,69538
with,63574,69539
within,63597,63598
without,63605,63615
witness,63621,63640
wolf,63650,66797
woman,63662,68187
wonder,63687,63701
wonderful,63688,70112
wood,63720,63729
word,63750,63758
work,63769,68924
worker,63779,66805
workshop,63820,66806
world,63830,63836
worm,69541,66808
worry,63872,70301
worse,63884,66811
worthless,63916,66812
wow,63947,68876
wrap,69542,63970
wrench,64000,64006
wristwatch,64041,66814
write,64049,69544
wrong,64082,68189
year,64201,64211
yellow,64260,69545
yes,64275,69546
yesterday,64303,70347
you,64351,69547
young,64401,68606
your,64423,64432
yourself,64444,64450
zero,64543,68193
